net,length_um
_206_,186.4
_134_,166.78
_210_,147.8
clknet_2_2__leaf_clk,135.3
_099_,120.865
_207_,106.93
clknet_2_0__leaf_clk,105.78
clknet_2_1__leaf_clk,105.04
_208_,104.45
clknet_2_3__leaf_clk,102.56
_161_,101.92
_209_,100.22
_160_,74.58
net4,70.8
clknet_0_clk,67.43
RX.state\[2\],62.735
_100_,62.34
RX.state\[1\],57.855
RX.count\[0\],52.16
_111_,50.395
clk,50.32
RX.count\[1\],46.1
CTRL.command\[0\],41.74
net6,41.32
RX.bit_index\[2\],39.67
RX.bit_index\[0\],38.64
_193_,37.66
_183_,37.44
CTRL.command_valid,37.24
_169_,35.1
_106_,34.36
RX.count\[8\],34.3
CTRL.command\[1\],33.84
RX.count\[3\],33.75
_105_,32.62
net1,31.8
RX.count\[4\],31.16
CTRL.command\[2\],30.74
_088_,30.5
net7,29.16
RX.shift_reg\[6\],28.22
_097_,28.12
RX.shift_reg\[5\],27.7
RX.count\[11\],26.92
_197_,26.34
RX.state\[0\],25.81
CTRL.command\[4\],25.66
RX.count\[2\],24.74
net3,24.68
_109_,24.18
_117_,23.88
RX.count\[9\],23.46
_082_,22.925
_108_,22.92
_133_,22.08
_152_,21.92
_103_,21.68
CTRL.command\[3\],21.26
_154_,21.195
_102_,20.38
RX.count\[14\],19.54
_158_,19.12
RX.count\[6\],18.76
_122_,18.6
RX.count\[15\],18.48
RX.state\[3\],18.44
_155_,18.36
_107_,17.82
_123_,17.82
_104_,17.74
_143_,17.08
net17,16.86
RX.bit_index\[1\],16.72
RX.count\[10\],16.64
CTRL.command\[5\],16.6
_095_,16.48
_145_,16.425
_176_,16.22
_081_,15.96
_172_,15.96
_181_,15.92
CTRL.command\[7\],15.76
net21,15.3
_112_,15.2
motor_left_b,14.82
RX.count\[12\],14.7
RX.count\[5\],14.56
net26,14.5
net5,14.42
net32,14.225
_089_,14
_159_,13.82
_130_,13.5
_090_,13.12
RX.count\[7\],12.84
net31,12.3
_192_,12.04
RX.count\[13\],11.98
_098_,11.96
_138_,11.82
net14,11.5
_052_,11.46
_101_,11.42
_188_,11.24
CTRL.command\[6\],10.92
net20,10.56
_085_,10.54
net23,10.36
_180_,10.32
motor_right_b,10.32
_065_,10.28
net19,10.14
_093_,10.08
_173_,9.915
motor_right_a,9.86
_053_,9.54
RX.shift_reg\[1\],9.48
_049_,9.2
_073_,9.08
_153_,8.4
_110_,8.14
net13,8.14
_139_,8.12
_194_,8.02
_195_,7.64
_125_,7.56
_198_,7.5
_092_,7.22
_178_,7.1
_174_,7.06
_150_,7.04
net11,6.98
_086_,6.88
_062_,6.78
_070_,6.72
_066_,6.64
_047_,6.52
reset,6.33
_126_,6.26
_114_,6.2
_113_,6.18
_162_,5.86
_128_,5.8
_168_,5.72
_120_,5.68
_175_,5.64
_149_,5.58
_067_,5.5
net12,5.5
_196_,5.48
_115_,5.4
_147_,5.4
_140_,5.34
_157_,5.26
_096_,5.14
net8,5.06
_003_,5.04
_033_,5
motor_left_a,4.95
_046_,4.93
_004_,4.92
_127_,4.92
_144_,4.92
_202_,4.92
_002_,4.8
_141_,4.8
_166_,4.62
_010_,4.53
_182_,4.48
_165_,4.36
RX.shift_reg\[7\],4.34
_184_,4.34
net16,4.34
_039_,4.15
net25,4.14
_038_,4.12
_163_,4.12
_016_,4.08
net28,4.02
_116_,4
_121_,3.98
bluetooth_rx,3.93
_171_,3.76
_068_,3.66
_076_,3.66
net9,3.64
_000_,3.54
_001_,3.54
_077_,3.54
_079_,3.54
_094_,3.54
_135_,3.54
_156_,3.54
_190_,3.54
_074_,3.455
_118_,3.42
net18,3.42
_048_,3.3
_042_,3.23
_044_,3.23
_191_,3.22
_055_,3.2
net10,3.2
_204_,3.19
_177_,3.18
_203_,3.18
_064_,3.08
_186_,3.08
_167_,2.98
_187_,2.86
_019_,2.84
_022_,2.84
_025_,2.84
_032_,2.84
_037_,2.84
_041_,2.84
net30,2.84
_050_,2.74
_051_,2.74
_054_,2.74
_059_,2.74
_072_,2.74
_080_,2.74
_008_,2.69
_026_,2.69
_029_,2.69
_060_,2.64
_061_,2.64
_063_,2.64
RX.shift_reg\[0\],2.62
RX.shift_reg\[3\],2.62
_083_,2.62
_084_,2.62
_087_,2.62
_136_,2.62
_148_,2.62
_132_,2.5
_170_,2.5
_005_,2.38
_012_,2.38
_021_,2.38
_024_,2.38
_028_,2.38
_030_,2.38
_031_,2.38
_035_,2.38
_040_,2.38
_146_,2.38
_185_,2.3
net29,2.3
_017_,2.28
_057_,2.28
_058_,2.28
_078_,2.28
_009_,2.23
_014_,2.23
_018_,2.23
_045_,2.21
_151_,2.18
RX.shift_reg\[2\],2.16
_006_,2.16
_013_,2.16
_071_,2.16
_124_,2.16
_131_,2.16
_137_,2.16
_129_,2.06
_142_,2.06
_199_,2.06
_036_,2.04
_205_,2.04
_179_,1.92
_189_,1.92
_091_,1.84
net15,1.84
net24,1.84
net27,1.84
_015_,1.82
_027_,1.82
_034_,1.82
_056_,1.82
_075_,1.82
_007_,1.7
net2,1.7
_201_,1.68
_164_,1.46
_200_,1.38
_011_,1.36
_020_,1.36
_023_,1.36
_043_,1.36
_119_,1.26
RX.shift_reg\[4\],0.92
_069_,0.46
net22,0.46
